id,token_id,title,categories,text_first_category,image_first_category
4,374,373 crash out,,wallet,
5,373,372 sharehold to earn,rewards,wallet,
6,372,371 payment tumbler,payments|privacy,privacy,privacy
7,371,370 fund wallet alternative,,wallet,
8,370,369 bagtective,agents|messaging|payments|trading,agents,trading
9,369,368 $trump mining,payments,payments,payments
10,368,367 buy with apple cash,payments,payments,payments
11,367,366 people to follow,social,social,identity
12,366,365 ai swap,agents|messaging|trading,agents,trading
13,365,364 question,,wallet,
14,364,363 payment instructions,agents|payments,agents,agents
15,363,362 model selection,agents,agents,agents
16,362,361 congestion,,wallet,
17,361,360 llm on hover,agents|wallet,agents,agents
18,360,359 ai listing,agents|trading,agents,trading
19,359,358 hinge rose,art,wallet,art
20,358,357 phanny,agents,agents,agents
21,357,356 instruct,agents|trading,agents,trading
22,356,355 LLM NFT search,agents,agents,agents
23,355,354 agent filtering,agents|invest,agents,agents
24,354,353 swarm discovery,agents|trading,agents,trading
25,353,352 chat bubble swap,messaging|trading,trading,trading
26,352,351 agent in your portfolio,agents|invest,agents,agents
27,351,350 explore agents,agents|social,agents,agents
28,350,349 wrapped,identity|messaging,identity,identity
29,349,348 quick question,,wallet,
30,348,347 speaker token,gating,gating,gating
31,347,346 broadcasts,messaging|social|wallet,social,identity
32,346,345 onions app,identity,identity,identity
33,345,344 reward thing,rewards|trading,trading,trading
34,344,343 emotional return protocol,,wallet,
35,343,342 circle atm,invest,wallet,invest
36,341,340 generate ui,,wallet,
37,340,339 token gated compute,gating|privacy,gating,gating
38,339,338 trial period,,wallet,
39,338,337 songcoin,rewards,wallet,
40,337,336 safenet purchase,payments,payments,payments
41,336,335 og eth users,identity,identity,identity
42,335,334 email attachment,,wallet,
43,334,333 watch island,trading,trading,trading
44,333,332 ask mode,trading,trading,trading
45,332,331 trend token,gating,gating,gating
46,331,330 reactionary pricing,,wallet,
47,330,329 not comic sans,,wallet,
48,329,328 de-flix,agents,agents,agents
49,328,327 headline coins,,wallet,
51,327,326 shuhai,social|trading,trading,trading
52,326,325 fontcoin theme,trading,trading,trading
53,325,324 font-fi,,wallet,
58,324,323 graduate,,wallet,
60,323,322 quit button,,wallet,
64,322,321 tinder.fun,,wallet,
65,321,320 expanded swap,trading,trading,trading
66,320,319 crypto translate,,wallet,
67,319,318 comicbase,,wallet,
68,318,317 religion,,wallet,
69,317,316 agent auto-populate,agents,agents,agents
71,316,315 moon bag,gating|trading,gating,gating
72,315,314 incoming,,wallet,
73,314,313 battle screen,,wallet,
74,313,312 review victims,gating|social,gating,gating
75,312,311 dock,,wallet,
76,311,310 share modal,,wallet,
77,310,309 radial swap menu,trading,trading,trading
78,309,308 creator payouts,payments,payments,payments
79,308,307 HUD,,wallet,
80,307,306 loyalty memes,identity|rewards,identity,identity
81,306,305 group chat wallet,messaging,wallet,messaging
82,305,304 tap to tip,gating|payments,gating,gating
83,304,"303 ape now, research later",gating,gating,gating
84,303,302 price x model,trading,trading,trading
85,302,301 accept as crypto,social,social,identity
86,301,300 portfolio theme,invest,wallet,invest
87,300,299 trim,,wallet,
88,299,298 batch swap slider,trading,trading,trading
89,298,297 reservation bid,trading,trading,trading
90,297,296 message launcher,messaging,wallet,messaging
91,296,295 cash out,,wallet,
92,295,294 clank.fun,agents|payments,agents,agents
93,294,293 archetyper.fun,,wallet,
94,293,292 worldvote,,wallet,
95,292,291 reveal vote,social,social,identity
96,291,290 vote,,wallet,
97,290,289 look up,,wallet,
98,289,288 onchain context,,wallet,
99,288,287 failure,,wallet,
100,287,286 details,,wallet,
101,286,285 animation in cursor,messaging|wallet,wallet,messaging
102,285,284 wallet-search.tsx,,wallet,
103,284,283 terminal txn,social,social,identity
104,283,282 verified agent,agents|identity,agents,identity
105,282,281 composed code,,wallet,
106,281,280 agent.fun,agents,agents,agents
107,280,279 agent balance,agents,agents,agents
108,279,279 solscan LLM,agents,agents,agents
109,278,278 social commerce,,wallet,
110,277,277 music coin,,wallet,
111,276,276 trade interpretation,agents|trading,agents,trading
112,275,275 shill fee,gating|messaging|payments,gating,gating
113,274,274 swap prompt,trading,trading,trading
114,273,273 swap boost,trading,trading,trading
115,272,272 holder ranking,,wallet,
116,271,271 coin powered meme,,wallet,
117,270,270 pfp agents,agents|identity,agents,identity
118,269,269 doordash swap,trading,trading,trading
119,268,268 launch L2,,wallet,
120,267,267 trading coach,trading,trading,trading
121,266,266 wallet prompt,,wallet,
122,265,265 social market summary,trading,trading,trading
123,264,264 swap predict,trading,trading,trading
124,263,263 chatgpt incognito mode,,wallet,
125,262,262 trading...,trading,trading,trading
126,261,261 whereabouts,,wallet,
127,260,260 astrology,trading,trading,trading
128,259,259 claim,gating,gating,gating
129,258,258 perks,art,wallet,art
130,257,257 mint prompt,art,wallet,art
131,256,256 eip 7702,,wallet,
132,255,255 needle mover,,wallet,
133,254,254 ask your wallet,messaging,wallet,messaging
134,253,253 swap everything,trading,trading,trading
135,252,252 wallet app clip,messaging,wallet,messaging
136,251,251 meta orion x pump.fun,,wallet,
137,250,250 ultraminimal,wallet,wallet,wallet
138,249,249 bulk swap,trading,trading,trading
139,248,248 swap actions,trading,trading,trading
140,247,247 wallet in wallet,,wallet,
141,246,246 crypto paywall,gating|payments,gating,gating
142,245,245 lock screen txn,wallet,wallet,wallet
143,244,244 betting market poll,trading,trading,trading
144,243,243 de-surance,payments,payments,payments
145,242,242 blink listing,payments|trading,trading,trading
146,241,241 tokenized subscription,social,social,identity
147,240,240 polymarket leaderboard,,wallet,
148,239,239 camera gating,gating,gating,gating
149,238,238 minterest,art,wallet,art
150,237,237 smart contract agent,agents,agents,agents
151,236,236 restaurant tab,payments,payments,payments
152,235,235 resy.tech,,wallet,
153,234,234 chain checker,art|rewards,wallet,art
154,233,233 image and likeness,agents|art,agents,agents
155,232,232 teleporting buttons,,wallet,
156,231,231 add music,art|rewards,wallet,art
157,230,230 for you,art,wallet,art
158,229,229 collection match,agents|art|identity,agents,identity
159,228,228 founder mode,trading,trading,trading
160,227,227 blink broker,social|trading,trading,trading
161,226,226 mute price notifications,gating|trading,gating,gating
162,225,225 friend wins,,wallet,
163,224,224 coin filter,agents|messaging,agents,agents
164,223,223 friend reviews only,agents|social,agents,agents
165,222,222 dynamic island connect,,wallet,
166,221,221 derivative notification,,wallet,
167,220,220 sport mode,,wallet,
168,219,219 streaming energy bill,payments,payments,payments
169,218,218 portable messages,messaging,wallet,messaging
170,217,217 instant connect,wallet,wallet,wallet
171,216,216 post and mint blink,art,wallet,art
172,215,215 blink hover preview,wallet,wallet,wallet
173,214,214 renew anywhere,identity,identity,identity
174,213,213 share sheet connect,,wallet,
175,212,212 crypto jukebox,,wallet,
176,211,211 solarm,,wallet,
177,210,210 pay with higher,payments,payments,payments
178,209,209 blink alert,,wallet,
179,208,208 direct ticketing,gating|invest|payments|social,gating,gating
180,207,207 bump for context,,wallet,
181,206,206 chain migration,,wallet,
182,205,205 superchain usdc,,wallet,
183,204,204 platformless tv,,wallet,
184,203,203 video attachment,messaging,wallet,messaging
185,202,202 cmd shift click,trading,trading,trading
186,201,201 voice signature,,wallet,
187,200,200 edition balance,gating|trading,gating,gating
188,199,199 pnl,,wallet,
189,198,198 coinbase marketplace,payments,payments,payments
190,196,196 proof of fitness,,wallet,
191,195,195 salary,invest,wallet,invest
192,194,194 copy trade blink,trading,trading,trading
193,193,193 venmoon,payments,payments,payments
194,192,192 blink store,,wallet,
195,191,191 social chart,gating|trading,gating,gating
196,190,190 rent a citizenship,,wallet,
197,189,189 flip a bitcoin,,wallet,
198,188,188 smart chores,,wallet,
199,187,187 shopping concierge,agents,agents,agents
200,186,186 unicart,art|gating|trading,gating,gating
201,185,185 bet balance,social,social,identity
202,184,184 polymarket buttons,trading,trading,trading
203,183,183 smart date,invest,wallet,invest
204,182,182 outage,,wallet,
205,181,181 growth chart,trading,trading,trading
206,180,180 de-comments,messaging,wallet,messaging
207,179,179 vampire attack,,wallet,
208,178,178 group chat betting,messaging|privacy|social|trading,privacy,trading
209,177,177 polymarket 8 ball,,wallet,
210,176,176 crypto shazam,gating,gating,gating
211,175,175 image search,social,social,identity
212,174,174 polymarket deposits,,wallet,
213,173,173 smart contract work,,wallet,
214,172,172 stack to split,,wallet,
215,171,171 handshake,,wallet,
216,170,170 donation blink,social,social,identity
217,169,169 reveal,,wallet,
218,168,168 wallpaper,,wallet,
219,167,167 chaincard,identity,identity,identity
220,166,166 curator score,,wallet,
221,165,165 dating app,identity,identity,identity
222,164,164 calculator,,wallet,
223,163,163 infinite mint,art,wallet,art
224,162,162 marketplace listings,,wallet,
225,161,161 bank permissions,privacy,privacy,privacy
226,160,160 bank smart wallet,,wallet,
227,159,159 web3 social,,wallet,
228,158,158 broadcast signatures,art|social,social,identity
229,157,157 leases,,wallet,
230,156,156 web2 airdrop,rewards,wallet,
231,155,155 smart limits,,wallet,
232,154,154 data ownership,,wallet,
233,153,153 pump dot calm,,wallet,
234,152,152 train-to-earn,agents|invest|payments,agents,agents
235,151,151 airdrop tip,rewards,wallet,
236,150,150 merchant tumbler,payments|privacy,privacy,privacy
237,149,149 holder nearby,,wallet,
238,148,148 rent this song,agents|art|identity|privacy,agents,identity
239,147,147 stream anywhere,privacy|social,privacy,privacy
240,146,146 fan reward,gating|rewards|social,gating,gating
241,145,145 gift ideas,,wallet,
242,144,144 smart wallet paymaster,,wallet,
243,143,143 connect to EOA,identity,identity,identity
244,142,142 mint hunter,art,wallet,art
245,141,141 siri app intents,art|gating|payments|trading,gating,gating
246,140,140 mattress,,wallet,
247,139,139 vinyl records,art|identity|rewards,identity,identity
248,138,138 thoughts on minting,art,wallet,art
249,137,137 read attestation,,wallet,
250,136,136 tokenized agent,agents|trading,agents,trading
251,135,135 ui skins,gating,gating,gating
252,134,134 psychographics,agents|identity|messaging|trading,agents,identity
253,133,133 find my friends,social,social,identity
254,132,132 supply chain variances,,wallet,
255,131,131 fingerprint signer,,wallet,
256,130,130 documents,privacy,privacy,privacy
257,129,129 proof of capture,,wallet,
258,128,128 point of capture,art|identity,identity,identity
259,127,127 tradable content,,wallet,
260,126,126 streamint,,wallet,
261,125,125 streaming buffet,gating|payments,gating,gating
262,124,124 programmable etf,,wallet,
263,123,123 skip the line,rewards,wallet,
264,122,122 default connected ,wallet,wallet,wallet
265,121,121 recall,,wallet,
266,120,120 swap to utility,art|gating|trading,gating,gating
267,119,119 car wallet,payments,payments,payments
268,118,118 context,,wallet,
269,117,117 swipe staking,invest|social,social,invest
270,116,116 condom,gating|privacy,gating,gating
271,115,115 neighbor score,,wallet,
272,114,114 email opt-in,messaging|privacy,privacy,privacy
273,113,113 car mode,trading,trading,trading
274,112,112 node,,wallet,
275,111,111 block explorer filters,agents|social,agents,agents
276,110,110 listening to,,wallet,
277,109,109 fedex oracle,,wallet,
278,108,108 POAP airdrop,rewards,wallet,
279,107,107 tip the dev,,wallet,
280,106,106 sticky notes,social,social,identity
281,105,105 gift tracker,,wallet,
282,104,104 tap to tip,,wallet,
283,103,103 boomerang funds,art|trading,trading,trading
284,102,102 magic payment method,payments,payments,payments
285,101,101 credit card,,wallet,
286,100,100 intersubjective membership,gating,gating,gating
288,99,099 auto-claim rewards,rewards,wallet,
289,98,098 phone a friend,trading,trading,trading
290,97,097 resy attestations,gating|trading,gating,gating
291,96,096 mint symbol (collect),art|social,social,identity
292,95,095 mint symbol (create),art,wallet,art
293,94,094 starter quests,payments,payments,payments
294,93,093 hide transaction,,wallet,
295,92,092 approvals,,wallet,
296,91,091 social block explorer,agents|identity,agents,identity
297,90,090 invite gating,gating,gating,gating
298,89,089 refresh keys,privacy,privacy,privacy
299,88,088 social proof swaps,gating|social|trading,gating,gating
300,87,087 delegate trading,social|trading,trading,trading
301,86,086 wallet tooltip,wallet,wallet,wallet
302,85,085 stepper,,wallet,
303,84,084 single balance,,wallet,
304,83,083 chat roulette,messaging,wallet,messaging
305,82,082 memecoin marketplace,gating|privacy|trading,gating,gating
306,81,081 channel pass,gating,gating,gating
307,80,080 swap courier,trading,trading,trading
308,79,079 request,payments|wallet,payments,payments
309,78,078 reconnect,,wallet,
310,77,077 summarize thread,agents|messaging,agents,agents
311,76,076 actions,,wallet,
312,75,075 content,social,social,identity
313,74,074 high-effort replies (proposal),messaging|social,social,identity
314,73,073 connect options,wallet,wallet,wallet
315,72,072 friend noti,,wallet,
317,71,071 chat suggestions,messaging,wallet,messaging
329,70,070 downvote,,wallet,
330,69,069 parental controls,,wallet,
333,68,067 tip the message,messaging,wallet,messaging
334,67,066 generated bio,,wallet,
337,66,065 shopping cart,,wallet,
338,65,064 security alert,privacy,privacy,privacy
339,64,063 allowance,social,social,identity
340,63,062 you might also like,trading,trading,trading
341,62,061 tuner,social,social,identity
342,61,060 chat ticker,messaging|trading,trading,trading
343,60,059 incognito mode,social,social,identity
344,59,058 interoperable chats,messaging,wallet,messaging
345,58,057 proof of focus,invest|social|trading,trading,trading
346,57,056 component token,gating,gating,gating
347,56,055 meme editions,art|identity|trading,trading,identity
348,55,054 used items,identity,identity,identity
349,54,053 friend reviews,agents|social,agents,agents
350,53,052 data offer,trading,trading,trading
351,52,051 ad preferences,,wallet,
352,51,050 bounties,,wallet,
353,50,049 multiplayer shop,,wallet,
354,49,048 image source,,wallet,
355,48,047 disappearing photo,art,wallet,art
356,47,046 collect call,,wallet,
358,46,045 pay gas from,payments,payments,payments
359,45,044 last seen,art|rewards|social|trading,trading,trading
360,44,043 ringtone,,wallet,
361,43,042 double or nothing,,wallet,
362,42,041 report content,rewards,wallet,
363,41,040 health meter (erc-404),identity,identity,identity
364,40,039 book a flight,identity|payments|privacy|rewards,privacy,identity
365,27,026 pinch to confirm,,wallet,
366,2,002 instant checkout,payments,payments,payments
367,16,016 superbowl quests,,wallet,
368,15,015 medical records,agents|privacy,agents,agents
369,39,038 penalize devs,,wallet,
370,14,014 erc-404,,wallet,
371,13,013 onchain ctg,social,social,identity
372,1,001 shotgun mint,art,wallet,art
373,28,027 run-gating,art|gating,gating,gating
374,26,025 fractionalized profile,identity,identity,identity
375,38,037 tipping,,wallet,
376,37,036 default wallet in tab,,wallet,
377,36,035 vitalik also bought,social,social,identity
378,35,034 bank conversion,,wallet,
379,34,033 interoperable algos,trading,trading,trading
380,33,032 fork spotify,,wallet,
381,32,031 rewards staking,invest|rewards,wallet,invest
382,31,030 airdrop radius,rewards,wallet,
383,30,029 return pools,trading,trading,trading
384,29,028 capture the flag,,wallet,
385,12,012 airbnb network ownership,gating|payments,gating,gating
386,11,011 ama frame,,wallet,
387,10,010 gated frame,gating,gating,gating
388,9,009 dating.tech,messaging|payments|privacy,privacy,privacy
389,8,008 vr treasure hunt,,wallet,
390,7,007 physical art,art,wallet,art
391,6,006 imessage mints,,wallet,
392,5,005 calendar explorer,,wallet,
393,4,004 frame gestures,,wallet,
394,25,024 tip settings,,wallet,
395,22,021 bail outs,,wallet,
396,24,023 interoperable f/channels,social,social,identity
397,23,022 translator,,wallet,
398,21,020 txn llm,agents,agents,agents
399,3,003 dm frames,messaging,wallet,messaging
400,20,019 block everywhere (b),messaging,wallet,messaging
401,18,018 coin,payments,payments,payments
402,19,019 block everywhere (a),messaging,wallet,messaging
403,17,017 imessage auto-sell,,wallet,
413,346,Mints in Common,social,social,identity
414,345,Gated Figma Spotlight,gating|social,gating,gating
415,344,Interoperable Metadata,,wallet,
416,343,Checkout with Staking Rewards,invest|payments|rewards,payments,invest
417,342,Housing Marketplace,trading,trading,trading
418,340,Credit Card Payment,payments,payments,payments
419,341,Cost Basis,payments,payments,payments
420,339,Export Wallet,,wallet,
421,338,P2P Market,agents|trading,agents,trading
422,337,Order Tracking,,wallet,
423,336,Mint to Folder,art,wallet,art
424,335,Ubiquitous Elections,,wallet,
425,334,Transfer Content,,wallet,
426,333,Authenticate Transfer,gating,gating,gating
427,332,Title Transfer,,wallet,
428,331,Membership Trial,gating,gating,gating
429,329,Pay with Bitcoin ETF,payments,payments,payments
430,330,AI Utility Surfacing,agents,agents,agents
431,328,Social Recovery,privacy,privacy,privacy
432,327,Onchain Cap Table,,wallet,
433,326,Streaming Payments,payments,payments,payments
434,325,Mint Multiplier,art|identity,identity,identity
436,324,Intent List,payments,payments,payments
437,323,Subscription Renewal,,wallet,
438,322,Season Tickets,gating|trading,gating,gating
439,321,Notes in the Margins,,wallet,
440,320,Kindle NFT,,wallet,
441,319,Online Shopping,payments,payments,payments
442,318,Resolution Markets,social|trading,trading,trading
443,317,Etherscan Away Message,identity|messaging,identity,identity
444,316,Tax Loss Harvesting,,wallet,
445,315,Interoperable Fitness Data,,wallet,
446,314,Copy Trade,social|trading,trading,trading
447,313,MintBot,payments,payments,payments
448,312,Tokenized Christmas,trading,trading,trading
449,311,Follower Suggestions,social,social,identity
450,310,344,,wallet,
451,309,Secrets,,wallet,
452,308,Invite to Earn,payments,payments,payments
453,307,Onchain RSVP,social,social,identity
454,306,Crypto's Home Screen,,wallet,
456,305,Timed Revoke,gating|privacy,gating,gating
457,304,Expiring Mints,art,wallet,art
458,303,Remove Permissions,privacy|trading,privacy,trading
459,302,Points,rewards,wallet,
460,301,Lunch,,wallet,
461,300,Pay with Credit Card,payments,payments,payments
462,299,Coinbase Bridge,payments,payments,payments
463,298,Long-Term Mode,,wallet,
464,297,Viewed Your Wallet,,wallet,
466,296,Multi-Sig Message,messaging,wallet,messaging
467,295,Own Your Library,payments,payments,payments
468,292,Open from Wallet,,wallet,
469,293,Swap in Feed,social|trading,trading,trading
470,291,Own to View,gating,gating,gating
471,290,Gift a Cocktail,,wallet,
472,289,Onchain GPUs,payments,payments,payments
473,288,Right Click Mint,art|identity,identity,identity
474,287,NFTs Wrapped,,wallet,
475,286,Proof of Meet,,wallet,
476,285,Portfolio Manager,agents|invest|privacy,agents,agents
477,284,View As,wallet,wallet,wallet
478,283,Onchain Affiliate,,wallet,
479,282,Payment Toggle,payments,payments,payments
480,281,Home Screen Offers,trading,trading,trading
481,280,Airbnb Wallet,,wallet,
482,279,Onchain Sleep Score,identity,identity,identity
483,278,Crossposting,,wallet,
484,277,Smart Tip,,wallet,
485,276,Smart Contract Police,,wallet,
486,275,Round-Ups,,wallet,
487,274,Stickers,,wallet,
488,273,Manage Listings,,wallet,
489,272,Tokenized Services,,wallet,
490,271,Metaverse Proposal,,wallet,
491,270,AR Token Gating,gating,gating,gating
492,269,Restaurant Bonding Curve,,wallet,
493,268,Onchain Away Message,messaging,wallet,messaging
494,267,Gamified Will,,wallet,
495,266,Web3 X GPT,agents|gating|messaging|trading|wallet,agents,gating
496,265,Onchain Agent,agents|identity|trading,agents,identity
497,264,ZKandMe,,wallet,
498,263,See Similar Posts,,wallet,
499,262,Everything App,,wallet,
500,261,Reverse Proposal,,wallet,
501,260,App Icons,,wallet,
502,259,Onchain Gossip,,wallet,
503,258,Mint and Create Post,art,wallet,art
504,257,Venmo Block Explorer,,wallet,
505,256,Mint from Figma,art,wallet,art
506,255,Trick or Treat,,wallet,
507,254,iMessage Tracker,social,social,identity
508,253,Currency Selection,,wallet,
509,252,Content Moderation,identity,identity,identity
510,251,Toast,wallet,wallet,wallet
511,250,Onchain Radio,identity,identity,identity
512,249,IQ Test,,wallet,
513,248,Connect Wallet to Browser,,wallet,
514,247,Block Explorer Player,,wallet,
515,246,Mint in Message,art|messaging,wallet,messaging
516,245,Private Transactions,payments|privacy,privacy,privacy
517,244,ChatGPT Delegation,,wallet,
518,243,Onchain Wikipedia,,wallet,
519,242,List for Sale from Wallet,trading,trading,trading
520,241,I made you something,art|messaging,wallet,messaging
521,240,Twitter/X Onchain Media,,wallet,
522,239,Send to Friend's Bank,payments,payments,payments
523,238,Relationship Status,identity,identity,identity
524,237,Follow ENS,art|identity|social,identity,identity
525,236,ZK Rent Application,privacy,privacy,privacy
526,235,Shake to Exit,,wallet,
527,234,Speed Up Transaction,,wallet,
528,233,Rotate to Dis/Connect,,wallet,
529,232,Device Handoff,,wallet,
530,231,Wallet Tabs,,wallet,
531,230,Folders,,wallet,
532,229,Connect Wallet to GPT,agents,agents,agents
533,228,Group Wallet,,wallet,
534,227,Mint & Send,art,wallet,art
535,226,Minting With,art,wallet,art
536,225,WalletConnect Memory,,wallet,
537,224,Single Holders Nearby,identity|social,identity,identity
538,223,Stake to Super Like,invest,wallet,invest
539,222,Friendtech Cashout,privacy,privacy,privacy
540,221,Trait Research,agents,agents,agents
541,220,Home Royalties,invest,wallet,invest
542,219,Value,,wallet,
543,218,Twitter NPC,agents|identity,agents,identity
544,217,Mint from Live TV,art,wallet,art
545,216,Email ENS,identity,identity,identity
546,215,Unsubscribe from Airdrops,rewards,wallet,
547,213,View Feed As,social,social,identity
548,214,Fork Builder,,wallet,
549,212,Expiring Keys,,wallet,
550,210,Mint Nearby,art,wallet,art
551,211,Condition Authenticator,trading,trading,trading
552,209,Amazon Dash,,wallet,
553,208,Mint Dead End,art|trading,trading,trading
554,207,Cookie Preferences,,wallet,
555,206,Social History,identity,identity,identity
556,205,Rage Quit,,wallet,
557,199,Open in Browser Wallet,,wallet,
558,198,Snappy Connect,,wallet,
559,197,Onchain Emote,gating,gating,gating
560,196,Operator Range,privacy,privacy,privacy
561,195,Network Switcher,wallet,wallet,wallet
562,192,Airdrop Messages,messaging|rewards,wallet,messaging
563,191,Token Approval,gating,gating,gating
564,190,Pay Gas With,gating|payments,gating,gating
565,187,Checkout with Crypto,payments,payments,payments
566,186,Web3 Invite Codes,,wallet,
567,185,Hardware Wallet,,wallet,
568,182,Deeplink,,wallet,
569,181,Spotify Wallet,,wallet,
574,180,Gift a Wallet,messaging,wallet,messaging
575,179,Wedding Gift Pt 2,,wallet,
576,178,Wedding Gift,invest|rewards,wallet,invest
577,177,Shazam,,wallet,
578,176,Drag and Drop Migration,,wallet,
580,175,Snap to Mint,art,wallet,art
581,174,Airdrop Creator Earnings,payments|rewards|social,payments,payments
582,173,Tokenized Feeds,,wallet,
583,172,Bridge Presets,payments,payments,payments
584,171,Privacy Option,privacy,privacy,privacy
585,170,Starter Pack,,wallet,
586,169,Mint an Excerpt,art,wallet,art
587,168,ENS Wallet Bundling Pt 2,identity,identity,identity
588,167,ENS Wallet Bundling,identity,identity,identity
589,166,BTR Payment Method,payments,payments,payments
590,165,Gas Preview,art,wallet,art
591,164,Buy Entire Collection,invest|payments,payments,invest
592,163,In-Token Messaging,gating|messaging,gating,gating
593,162,Wallet Search?,wallet,wallet,wallet
594,161,dDash,identity|messaging,identity,identity
595,160,Eliminate Price Charts,gating|trading,gating,gating
596,159,Social Graph Verification,identity,identity,identity
597,158,Everything App,,wallet,
598,157,Decentralized 23andMe,identity,identity,identity
599,156,OpenSea Notifications,trading,trading,trading
600,155,Message from Creator,messaging|rewards,wallet,messaging
601,154,Swap Breathalyzer,trading,trading,trading
602,153,Airline Seat,,wallet,
603,152,Wear-to-Earn,identity|invest,identity,identity
604,151,Transaction of the Day,,wallet,
605,150,Streaming Gifts,,wallet,
606,149,Pay to Flake,invest|payments,payments,invest
607,148,Fitness Staking,invest,wallet,invest
608,147,Restaurant Reservations,,wallet,
609,146,Time Bidding,,wallet,
610,145,Retail Intents,trading,trading,trading
611,144,Top Comment Preview,messaging,wallet,messaging
612,143,CourtScan,gating,gating,gating
613,142,Transfer Threads Onchain,messaging,wallet,messaging
614,141,Launcher Intents,,wallet,
615,140,Amazon Intents,payments,payments,payments
616,139,Onchain Tax Allocation,payments,payments,payments
617,138,Snooze Tweet,,wallet,
618,137,Snooze Tweets,social,social,identity
619,136,Rate Limit Exceeded,,wallet,
620,135,NFT Spam Blocker,,wallet,
621,134,Snap Onchain,art,wallet,art
622,133,Mint from File Explorer,art|wallet,wallet,art
623,132,Multiplayer Web Browser,messaging|social,social,identity
625,131,Mark as Drunk,trading,trading,trading
626,130,Multi-Chain Connection,,wallet,
627,129,Signature History,messaging,wallet,messaging
628,128,Zora Collection Filter/Sort,agents|social,agents,agents
629,127,Conditional Offer,trading,trading,trading
630,126,AI Generated TV Series,agents|trading,agents,trading
631,125,Follow a PFP,identity|social,identity,identity
632,124,PFP History,identity,identity,identity
633,123,Etherscan Dating,,wallet,
634,122,Trades in Common,identity|trading,trading,identity
635,121,Onchain Dating Matches,,wallet,
636,120,Collection Art (June '23),art,wallet,art
637,119,Membership Tab,gating|identity,gating,identity
638,118,Universal Profile,identity,identity,identity
639,117,Import Farcaster,identity,identity,identity
640,116,Wallet Offramp,payments,payments,payments
641,115,Stand with Users (Easy Button),art|social,social,identity
642,114,Creator Subscriptions,,wallet,
643,113,Soulbound Brand Wallet,gating|identity,gating,identity
644,112,Simple Wallet Signature,messaging,wallet,messaging
645,111,Tokenized Product Communities,gating|identity|payments|social,gating,identity
646,109,Focus to View,,wallet,
647,110,Bump to Transfer,gating|rewards,gating,gating
648,108,ENS Backup,identity,identity,identity
649,107,Like to Mint,art,wallet,art
650,106,Time Token,gating|trading,gating,gating
651,105,Membership Accounts,gating,gating,gating
652,104,Twitter DM,messaging,wallet,messaging
653,103,Reorder and Hide Wallets,,wallet,
654,102,App Limit Payments,payments,payments,payments
655,101,"Push Notification for ""Abilities""",,wallet,
656,100,Burn to Print,,wallet,
657,99,Permissions In-Wallet,gating|privacy,gating,gating
658,98,Pay to Post Offchain,payments,payments,payments
659,97,Loss Gating,gating,gating,gating
660,96,Crypto Zillow,,wallet,
661,95,ChatGPT Transaction Warnings,,wallet,
662,94,Crypto x AI x Commerce,agents|payments|privacy,agents,agents
663,93,"A Case to Abandon ""Wallet""",identity,identity,identity
664,92,Wallet Wagers,social,social,identity
665,91,Web3 App Store,,wallet,
666,87,Connect a Profile,identity,identity,identity
667,88,Onchain Tinder,,wallet,
668,89,Amazon Subscribe and Earn,gating|rewards,gating,gating
669,90,Netflix Recommendations,,wallet,
670,85,GPT Guided Tour,agents,agents,agents
671,86,Proof of Work,,wallet,
672,84,Charitable Memecoin,trading,trading,trading
673,83,Swapping L1s on an L2,trading,trading,trading
674,82,Token Mention,gating,gating,gating
675,81,"List Now, Mint Later",art|payments,payments,payments
676,80,Fixed Gas Subscription,payments,payments,payments
677,79,Unfollow Feedback,,wallet,
678,78,Uniswap POS,payments,payments,payments
679,77,Profile Sync,identity,identity,identity
680,76,Split the Bill,identity,identity,identity
681,75,Sketchy Mint Protector,art,wallet,art
682,74,Harvard NFT,gating,gating,gating
683,73,Luxury Software,,wallet,
684,72,Request Money,identity,identity,identity
685,71,NFT as a Wallet,,wallet,
686,70,"Farcaster, Expanded",,wallet,
687,69,Adidas Burn-to-Redeem,identity,identity,identity
688,68,Token Messages,gating|messaging,gating,gating
689,67,Creator Autograph,identity,identity,identity
690,66,Cover Art (Apr '22),art|identity|invest,identity,identity
691,65,Onchain PHR,gating,gating,gating
692,64,Smokin'Sea,privacy,privacy,privacy
693,63,Find My Ledger,,wallet,
694,62,Ethereum Customer Service,agents,agents,agents
695,61,Tax Warning,privacy,privacy,privacy
696,60,Nouns Prop Builder Review,,wallet,
697,59,Noun O'Clock,,wallet,
698,58,Nouns PFP Merge,identity,identity,identity
699,57,Find My Nouns,,wallet,
700,56,Proof of Philanthropy,gating,gating,gating
701,55,Nouns Flick to Vote,,wallet,
702,54,Nouns Sponsored Gas,invest,wallet,invest
703,53,Nouns Daily Spin,invest|social,social,invest
704,52,Nouns Private Jet,gating|privacy,gating,gating
705,51,Nouns Auction Notifications,trading,trading,trading
706,50,Nouns Dating App,identity,identity,identity
707,48,Door Key,privacy,privacy,privacy
708,49,Instant Conversion,payments,payments,payments
709,47,Web3 Streaming,,wallet,
710,46,Music Banner,identity,identity,identity
711,45,AirPods Music NFT,,wallet,
712,43,Royalty Badges,invest,wallet,invest
713,44,Reversible Transactions,,wallet,
714,40,Non-Fungible Person,gating|identity,gating,identity
715,41,Sell Your Browsing Data,,wallet,
716,42,Offer + Comment,messaging|trading,trading,trading
717,37,Browser Notifications,,wallet,
718,38,Meeting Tokens,,wallet,
719,39,Accept Airdrop,rewards,wallet,
720,36,Metadata History,,wallet,
721,32,Utility Marketplace,payments,payments,payments
722,33,Gamifying Creator Royalties,invest,wallet,invest
723,34,Etherscan Lite,,wallet,
724,35,Token-Gated SNKRS,gating|payments,gating,gating
725,29,Pre-Paid Digital Cards,payments,payments,payments
726,30,Blur Mobile,,wallet,
727,31,Ubiquitous Wallet,,wallet,
728,26,Smart Shortcuts,,wallet,
729,27,Wait and Save,,wallet,
730,28,Highest Trait Floor,,wallet,
731,25,Crypto Subscriptions,,wallet,
732,24,Conversational Wallet,wallet,wallet,wallet
733,23,GPT News Summary,agents,agents,agents
734,21,Native Invitations,gating,gating,gating
735,22,Airplane Drop,,wallet,
736,18,Cash Out Method,payments|privacy,privacy,privacy
737,19,After Life,,wallet,
738,20,Sponsored Gas,,wallet,
739,15,Wallet Permissions,privacy,privacy,privacy
740,16,Royalty Gating,gating|invest|payments,gating,gating
741,17,Portable Followers,social,social,identity
742,14,Twitter DOGE Payouts,payments,payments,payments
743,13,GPT-4 Dispute Mediator,agents,agents,agents
744,12,Thread Embed,messaging,wallet,messaging
745,11,Anon Rental,privacy,privacy,privacy
746,10,Access Indicator,gating,gating,gating
747,9,Airdrop NFT,rewards,wallet,
748,8,AvatarGPT,identity,identity,identity
749,7,Gucci On-Chain,,wallet,
750,6,Proof of Fanhood,gating,gating,gating
751,5,Film Collecting,,wallet,
752,4,Twitter Top 8,,wallet,
753,3,Burn Warning,,wallet,
754,2,WalletGPT,,wallet,
755,1,Media Provenance,,wallet,